<?xml version="1.0" encoding="UTF-8"?>
<magicdraw><model classType="Model" humanType="Model" icon="Raptor_DFN_HTML_files/icon_model.png" id="eee_1045467100313_135436_1"><APPLIED_PROFILES humanName="Applied Profile"><profile classType="Profile" humanType="Profile" icon="Raptor_DFN_HTML_files/icon_profile.png" name="SysML" refid="_11_5EAPbeta_be00301_1147434586638_637562_1900"/></APPLIED_PROFILES><appliedProfile humanName="Applied Profile"><profile classType="Profile" humanType="Profile" icon="Raptor_DFN_HTML_files/icon_profile.png" name="SysML" refid="_11_5EAPbeta_be00301_1147434586638_637562_1900"/></appliedProfile><documentation humanName="Documentation" mode="standard">Author:BorbasTamas.
Created:2014.03.24. 14:37.
Title:.
Comment:.
</documentation><member humanName="Member"><package classType="Package" humanType="Package" icon="Raptor_DFN_HTML_files/icon_package.png" name="Class Structure" refid="_17_0_4_1_1608043f_1400168276313_905396_11977"/><package classType="Package" humanType="Package" icon="Raptor_DFN_HTML_files/icon_package.png" name="Glossary" refid="_17_0_4_2_19460450_1395670523179_928104_11571"/><package classType="Package" humanType="Package" icon="Raptor_DFN_HTML_files/icon_package.png" name="JDK 5.0 Classes" refid="_9_5_f720368_1110801802169_446586_0"/><package classType="Package" humanType="Package" icon="Raptor_DFN_HTML_files/icon_package.png" name="MD Customization for SysML" refid="_12_0EAPbeta_be00301_1156851270584_552173_1"/><package classType="Package" humanType="Package" icon="Raptor_DFN_HTML_files/icon_package.png" name="PrimitiveValueTypes" refid="_17_0_2_136f03d9_1344498413266_378771_11852"/><package classType="Package" humanType="Package" icon="Raptor_DFN_HTML_files/icon_package.png" name="QUDV Library" refid="_16_8beta_2104050f_1262918510515_114803_6875"/><package classType="Package" humanType="Package" icon="Raptor_DFN_HTML_files/icon_package.png" name="Requirements" refid="_17_0_4_2_19460450_1395668300167_590695_10852"/><profile classType="Profile" humanType="Profile" icon="Raptor_DFN_HTML_files/icon_profile.png" name="SysML" refid="_11_5EAPbeta_be00301_1147434586638_637562_1900"/><package classType="Package" humanType="Package" icon="Raptor_DFN_HTML_files/icon_package.png" name="SystemArchitecture" refid="_17_0_4_2_19460450_1400103218906_966970_11161"/><profile classType="Profile" humanType="Profile" icon="Raptor_DFN_HTML_files/icon_profile.png" name="UML Profile for Java" refid="rimvydas_1048688023274_104450_1422"/><package classType="Package" humanType="Package" icon="Raptor_DFN_HTML_files/icon_package.png" name="UML Standard Profile" refid="magicdraw_uml_standard_profile_v_0001"/><package classType="Package" humanType="Package" icon="Raptor_DFN_HTML_files/icon_package.png" name="Use Cases" refid="_17_0_4_2_19460450_1395670032398_518922_11188"/></member><name humanName="Name" mode="standard,expert">Data</name><nestedPackage humanName="Nested Package"><package classType="Package" humanType="Package" icon="Raptor_DFN_HTML_files/icon_package.png" name="Class Structure" refid="_17_0_4_1_1608043f_1400168276313_905396_11977"/><package classType="Package" humanType="Package" icon="Raptor_DFN_HTML_files/icon_package.png" name="Glossary" refid="_17_0_4_2_19460450_1395670523179_928104_11571"/><package classType="Package" humanType="Package" icon="Raptor_DFN_HTML_files/icon_package.png" name="JDK 5.0 Classes" refid="_9_5_f720368_1110801802169_446586_0"/><package classType="Package" humanType="Package" icon="Raptor_DFN_HTML_files/icon_package.png" name="MD Customization for SysML" refid="_12_0EAPbeta_be00301_1156851270584_552173_1"/><package classType="Package" humanType="Package" icon="Raptor_DFN_HTML_files/icon_package.png" name="PrimitiveValueTypes" refid="_17_0_2_136f03d9_1344498413266_378771_11852"/><package classType="Package" humanType="Package" icon="Raptor_DFN_HTML_files/icon_package.png" name="QUDV Library" refid="_16_8beta_2104050f_1262918510515_114803_6875"/><package classType="Package" humanType="Package" icon="Raptor_DFN_HTML_files/icon_package.png" name="Requirements" refid="_17_0_4_2_19460450_1395668300167_590695_10852"/><profile classType="Profile" humanType="Profile" icon="Raptor_DFN_HTML_files/icon_profile.png" name="SysML" refid="_11_5EAPbeta_be00301_1147434586638_637562_1900"/><package classType="Package" humanType="Package" icon="Raptor_DFN_HTML_files/icon_package.png" name="SystemArchitecture" refid="_17_0_4_2_19460450_1400103218906_966970_11161"/><profile classType="Profile" humanType="Profile" icon="Raptor_DFN_HTML_files/icon_profile.png" name="UML Profile for Java" refid="rimvydas_1048688023274_104450_1422"/><package classType="Package" humanType="Package" icon="Raptor_DFN_HTML_files/icon_package.png" name="UML Standard Profile" refid="magicdraw_uml_standard_profile_v_0001"/><package classType="Package" humanType="Package" icon="Raptor_DFN_HTML_files/icon_package.png" name="Use Cases" refid="_17_0_4_2_19460450_1395670032398_518922_11188"/></nestedPackage><ownedComment humanName="Owned Comment"><comment classType="Comment" humanType="Comment" icon="Raptor_DFN_HTML_files/icon_comment.png" refid="_17_0_4_2_19460450_1395668262494_362030_10848"/></ownedComment><ownedDiagram humanName="Owned Diagram"><diagram classType="Diagram" humanType="Diagram" icon="Raptor_DFN_HTML_files/icon_SysML Package Diagram.png" name="Summary" refid="_17_0_4_1_1608043f_1400169579194_331506_13415"/></ownedDiagram><ownedElement humanName="Owned Element"><comment classType="Comment" humanType="Comment" icon="Raptor_DFN_HTML_files/icon_comment.png" refid="_17_0_4_2_19460450_1395668262494_362030_10848"/><profileapplication classType="ProfileApplication" humanType="Profile Application" icon="Raptor_DFN_HTML_files/icon_profileapplication.png" isRelationship="true" refid="_17_0_4_2_19460450_1395668262492_454282_10847"/><package classType="Package" humanType="Package" icon="Raptor_DFN_HTML_files/icon_package.png" name="Class Structure" refid="_17_0_4_1_1608043f_1400168276313_905396_11977"/><package classType="Package" humanType="Package" icon="Raptor_DFN_HTML_files/icon_package.png" name="Glossary" refid="_17_0_4_2_19460450_1395670523179_928104_11571"/><package classType="Package" humanType="Package" icon="Raptor_DFN_HTML_files/icon_package.png" name="JDK 5.0 Classes" refid="_9_5_f720368_1110801802169_446586_0"/><package classType="Package" humanType="Package" icon="Raptor_DFN_HTML_files/icon_package.png" name="MD Customization for SysML" refid="_12_0EAPbeta_be00301_1156851270584_552173_1"/><package classType="Package" humanType="Package" icon="Raptor_DFN_HTML_files/icon_package.png" name="PrimitiveValueTypes" refid="_17_0_2_136f03d9_1344498413266_378771_11852"/><package classType="Package" humanType="Package" icon="Raptor_DFN_HTML_files/icon_package.png" name="QUDV Library" refid="_16_8beta_2104050f_1262918510515_114803_6875"/><package classType="Package" humanType="Package" icon="Raptor_DFN_HTML_files/icon_package.png" name="Requirements" refid="_17_0_4_2_19460450_1395668300167_590695_10852"/><diagram classType="Diagram" humanType="Diagram" icon="Raptor_DFN_HTML_files/icon_SysML Package Diagram.png" name="Summary" refid="_17_0_4_1_1608043f_1400169579194_331506_13415"/><profile classType="Profile" humanType="Profile" icon="Raptor_DFN_HTML_files/icon_profile.png" name="SysML" refid="_11_5EAPbeta_be00301_1147434586638_637562_1900"/><package classType="Package" humanType="Package" icon="Raptor_DFN_HTML_files/icon_package.png" name="SystemArchitecture" refid="_17_0_4_2_19460450_1400103218906_966970_11161"/><profile classType="Profile" humanType="Profile" icon="Raptor_DFN_HTML_files/icon_profile.png" name="UML Profile for Java" refid="rimvydas_1048688023274_104450_1422"/><package classType="Package" humanType="Package" icon="Raptor_DFN_HTML_files/icon_package.png" name="UML Standard Profile" refid="magicdraw_uml_standard_profile_v_0001"/><package classType="Package" humanType="Package" icon="Raptor_DFN_HTML_files/icon_package.png" name="Use Cases" refid="_17_0_4_2_19460450_1395670032398_518922_11188"/></ownedElement><ownedMember humanName="Owned Member"><package classType="Package" humanType="Package" icon="Raptor_DFN_HTML_files/icon_package.png" name="Class Structure" refid="_17_0_4_1_1608043f_1400168276313_905396_11977"/><package classType="Package" humanType="Package" icon="Raptor_DFN_HTML_files/icon_package.png" name="Glossary" refid="_17_0_4_2_19460450_1395670523179_928104_11571"/><package classType="Package" humanType="Package" icon="Raptor_DFN_HTML_files/icon_package.png" name="JDK 5.0 Classes" refid="_9_5_f720368_1110801802169_446586_0"/><package classType="Package" humanType="Package" icon="Raptor_DFN_HTML_files/icon_package.png" name="MD Customization for SysML" refid="_12_0EAPbeta_be00301_1156851270584_552173_1"/><package classType="Package" humanType="Package" icon="Raptor_DFN_HTML_files/icon_package.png" name="PrimitiveValueTypes" refid="_17_0_2_136f03d9_1344498413266_378771_11852"/><package classType="Package" humanType="Package" icon="Raptor_DFN_HTML_files/icon_package.png" name="QUDV Library" refid="_16_8beta_2104050f_1262918510515_114803_6875"/><package classType="Package" humanType="Package" icon="Raptor_DFN_HTML_files/icon_package.png" name="Requirements" refid="_17_0_4_2_19460450_1395668300167_590695_10852"/><profile classType="Profile" humanType="Profile" icon="Raptor_DFN_HTML_files/icon_profile.png" name="SysML" refid="_11_5EAPbeta_be00301_1147434586638_637562_1900"/><package classType="Package" humanType="Package" icon="Raptor_DFN_HTML_files/icon_package.png" name="SystemArchitecture" refid="_17_0_4_2_19460450_1400103218906_966970_11161"/><profile classType="Profile" humanType="Profile" icon="Raptor_DFN_HTML_files/icon_profile.png" name="UML Profile for Java" refid="rimvydas_1048688023274_104450_1422"/><package classType="Package" humanType="Package" icon="Raptor_DFN_HTML_files/icon_package.png" name="UML Standard Profile" refid="magicdraw_uml_standard_profile_v_0001"/><package classType="Package" humanType="Package" icon="Raptor_DFN_HTML_files/icon_package.png" name="Use Cases" refid="_17_0_4_2_19460450_1395670032398_518922_11188"/></ownedMember><packagedElement humanName="Packaged Element"><package classType="Package" humanType="Package" icon="Raptor_DFN_HTML_files/icon_package.png" name="Class Structure" refid="_17_0_4_1_1608043f_1400168276313_905396_11977"/><package classType="Package" humanType="Package" icon="Raptor_DFN_HTML_files/icon_package.png" name="Glossary" refid="_17_0_4_2_19460450_1395670523179_928104_11571"/><package classType="Package" humanType="Package" icon="Raptor_DFN_HTML_files/icon_package.png" name="JDK 5.0 Classes" refid="_9_5_f720368_1110801802169_446586_0"/><package classType="Package" humanType="Package" icon="Raptor_DFN_HTML_files/icon_package.png" name="MD Customization for SysML" refid="_12_0EAPbeta_be00301_1156851270584_552173_1"/><package classType="Package" humanType="Package" icon="Raptor_DFN_HTML_files/icon_package.png" name="PrimitiveValueTypes" refid="_17_0_2_136f03d9_1344498413266_378771_11852"/><package classType="Package" humanType="Package" icon="Raptor_DFN_HTML_files/icon_package.png" name="QUDV Library" refid="_16_8beta_2104050f_1262918510515_114803_6875"/><package classType="Package" humanType="Package" icon="Raptor_DFN_HTML_files/icon_package.png" name="Requirements" refid="_17_0_4_2_19460450_1395668300167_590695_10852"/><profile classType="Profile" humanType="Profile" icon="Raptor_DFN_HTML_files/icon_profile.png" name="SysML" refid="_11_5EAPbeta_be00301_1147434586638_637562_1900"/><package classType="Package" humanType="Package" icon="Raptor_DFN_HTML_files/icon_package.png" name="SystemArchitecture" refid="_17_0_4_2_19460450_1400103218906_966970_11161"/><profile classType="Profile" humanType="Profile" icon="Raptor_DFN_HTML_files/icon_profile.png" name="UML Profile for Java" refid="rimvydas_1048688023274_104450_1422"/><package classType="Package" humanType="Package" icon="Raptor_DFN_HTML_files/icon_package.png" name="UML Standard Profile" refid="magicdraw_uml_standard_profile_v_0001"/><package classType="Package" humanType="Package" icon="Raptor_DFN_HTML_files/icon_package.png" name="Use Cases" refid="_17_0_4_2_19460450_1395670032398_518922_11188"/></packagedElement><profileApplication humanName="Profile Application"><profileapplication classType="ProfileApplication" humanType="Profile Application" icon="Raptor_DFN_HTML_files/icon_profileapplication.png" isRelationship="true" refid="_17_0_4_2_19460450_1395668262492_454282_10847"/></profileApplication><qualifiedName humanName="Qualified Name" mode="expert">Data</qualifiedName><TO_DO humanName="To Do" mode="standard,expert"/><URI humanName="URI" mode="standard,expert"/><viewpoint humanName="Viewpoint"/><visibility humanName="Visibility">public</visibility></model></magicdraw>