<?xml version="1.0" encoding="UTF-8"?>
<class classType="Class" hasChild="true" humanType="Class" icon="Raptor_DFN_HTML_files/icon_class.png" name="GreenhouseController" refid="_17_0_4_1_1608043f_1400169159331_694505_12923"><ownedElement><property classType="Property" humanType="Property" icon="Raptor_DFN_HTML_files/icon_property.png" name="dayPhase" refid="_17_0_4_1_1608043f_1400169159335_706066_12940"/><property classType="Property" humanType="Property" icon="Raptor_DFN_HTML_files/icon_property.png" name="iHouse" refid="_17_0_4_1_1608043f_1400169159334_305411_12938"/><property classType="Property" humanType="Property" icon="Raptor_DFN_HTML_files/icon_property.png" name="lHouseTemp" refid="_17_0_4_1_1608043f_1400169159333_728810_12935"/><property classType="Property" humanType="Property" icon="Raptor_DFN_HTML_files/icon_property.png" name="lWaterTemp" refid="_17_0_4_1_1608043f_1400169159334_682768_12937"/><property classType="Property" humanType="Property" icon="Raptor_DFN_HTML_files/icon_property.png" name="rbDay" refid="_17_0_4_1_1608043f_1400169159333_279968_12933"/><property classType="Property" humanType="Property" icon="Raptor_DFN_HTML_files/icon_property.png" name="rbNight" refid="_17_0_4_1_1608043f_1400169159333_521513_12932"/><property classType="Property" humanType="Property" icon="Raptor_DFN_HTML_files/icon_property.png" name="sHouseTemp" refid="_17_0_4_1_1608043f_1400169159333_222412_12934"/><property classType="Property" humanType="Property" icon="Raptor_DFN_HTML_files/icon_property.png" name="sWaterTemp" refid="_17_0_4_1_1608043f_1400169159334_968127_12936"/><property classType="Property" humanType="Property" icon="Raptor_DFN_HTML_files/icon_property.png" name="title" refid="_17_0_4_1_1608043f_1400169159334_526233_12939"/><operation classType="Operation" hasChild="true" humanType="Operation" icon="Raptor_DFN_HTML_files/icon_operation.png" name="day" refid="_17_0_4_1_1608043f_1400169159336_519910_12944"/><operation classType="Operation" hasChild="true" humanType="Operation" icon="Raptor_DFN_HTML_files/icon_operation.png" name="handleRBDay" refid="_17_0_4_1_1608043f_1400169159335_631045_12942"/><operation classType="Operation" hasChild="true" humanType="Operation" icon="Raptor_DFN_HTML_files/icon_operation.png" name="handleRBNight" refid="_17_0_4_1_1608043f_1400169159335_510592_12941"/><operation classType="Operation" hasChild="true" humanType="Operation" icon="Raptor_DFN_HTML_files/icon_operation.png" name="handleSHouseTemp" refid="_17_0_4_1_1608043f_1400169159337_371372_12948"/><operation classType="Operation" hasChild="true" humanType="Operation" icon="Raptor_DFN_HTML_files/icon_operation.png" name="handleSWaterTemp" refid="_17_0_4_1_1608043f_1400169159337_612431_12949"/><operation classType="Operation" hasChild="true" humanType="Operation" icon="Raptor_DFN_HTML_files/icon_operation.png" name="heat" refid="_17_0_4_1_1608043f_1400169159336_58014_12946"/><operation classType="Operation" hasChild="true" humanType="Operation" icon="Raptor_DFN_HTML_files/icon_operation.png" name="light" refid="_17_0_4_1_1608043f_1400169159336_957984_12945"/><operation classType="Operation" humanType="Operation" icon="Raptor_DFN_HTML_files/icon_operation.png" name="updateHImage" refid="_17_0_4_1_1608043f_1400169159335_983083_12943"/><operation classType="Operation" hasChild="true" humanType="Operation" icon="Raptor_DFN_HTML_files/icon_operation.png" name="water" refid="_17_0_4_1_1608043f_1400169159336_495842_12947"/></ownedElement></class>