<?xml version="1.0" encoding="UTF-8"?>
<class classType="Class" hasChild="true" humanType="Class" icon="Raptor_DFN_HTML_files/icon_class.png" name="GraphSampleView" refid="_17_0_4_1_1608043f_1400168987992_614877_12586"><ownedElement><comment classType="Comment" humanType="Comment" icon="Raptor_DFN_HTML_files/icon_comment.png" isHidden="true" refid="_17_0_4_1_1608043f_1400168988008_962261_12627"/><property classType="Property" humanType="Property" icon="Raptor_DFN_HTML_files/icon_property.png" name="graph" refid="_17_0_4_1_1608043f_1400168987993_410792_12588"/><property classType="Property" humanType="Property" icon="Raptor_DFN_HTML_files/icon_property.png" name="ID" refid="_17_0_4_1_1608043f_1400168987993_900116_12587"/><property classType="Property" humanType="Property" icon="Raptor_DFN_HTML_files/icon_property.png" name="layout" refid="_17_0_4_1_1608043f_1400168987993_343062_12589"/><operation classType="Operation" hasChild="true" humanType="Operation" icon="Raptor_DFN_HTML_files/icon_operation.png" name="addNode" refid="_17_0_4_1_1608043f_1400168987995_200931_12593"/><operation classType="Operation" hasChild="true" humanType="Operation" icon="Raptor_DFN_HTML_files/icon_operation.png" name="createPartControl" refid="_17_0_4_1_1608043f_1400168987993_993830_12590"/><operation classType="Operation" hasChild="true" humanType="Operation" icon="Raptor_DFN_HTML_files/icon_operation.png" name="getParent" refid="_17_0_4_1_1608043f_1400168987994_501943_12592"/><operation classType="Operation" hasChild="true" humanType="Operation" icon="Raptor_DFN_HTML_files/icon_operation.png" name="params" refid="_17_0_4_1_1608043f_1400168987995_848837_12594"/><operation classType="Operation" humanType="Operation" icon="Raptor_DFN_HTML_files/icon_operation.png" name="refresh" refid="_17_0_4_1_1608043f_1400168987994_954565_12591"/><operation classType="Operation" humanType="Operation" icon="Raptor_DFN_HTML_files/icon_operation.png" name="setFocus" refid="_17_0_4_1_1608043f_1400168987996_899363_12596"/><operation classType="Operation" humanType="Operation" icon="Raptor_DFN_HTML_files/icon_operation.png" name="setLayoutManager" refid="_17_0_4_1_1608043f_1400168987995_243442_12595"/><generalization classType="Generalization" humanType="Generalization" icon="Raptor_DFN_HTML_files/icon_generalization.png" isRelationship="true" refid="_17_0_4_1_1608043f_1400168987998_845890_12604"/></ownedElement></class>