<?xml version="1.0" encoding="UTF-8"?>
<package classType="Package" hasChild="true" humanType="Package" icon="Raptor_DFN_HTML_files/icon_package.png" name="hu.bme.mit.inf.MDSD.GreenHouseApp" refid="_17_0_4_1_1608043f_1400168874337_744043_12368"><ownedDiagram><diagram classType="Diagram" humanType="Diagram" icon="Raptor_DFN_HTML_files/icon_Class Diagram.png" name="hu.bme.mit.inf.MDSD.GreenHouseApp" refid="_17_0_4_1_1608043f_1400169159010_250682_12892"/></ownedDiagram><ownedElement><diagram classType="Diagram" humanType="Diagram" icon="Raptor_DFN_HTML_files/icon_Class Diagram.png" name="hu.bme.mit.inf.MDSD.GreenHouseApp" refid="_17_0_4_1_1608043f_1400169159010_250682_12892"/><package classType="Package" hasChild="true" humanType="Package" icon="Raptor_DFN_HTML_files/icon_package.png" name="application" refid="_17_0_4_1_1608043f_1400169159326_577169_12916"/><class classType="Class" humanType="Class" icon="Raptor_DFN_HTML_files/icon_class.png" name="Application" refid="_17_0_4_1_1608043f_1400169159328_626526_12920"/><class classType="Class" humanType="Class" icon="Raptor_DFN_HTML_files/icon_class.png" name="RadioButton" refid="_17_0_4_1_1608043f_1400169159327_434598_12917"/><class classType="Class" humanType="Class" icon="Raptor_DFN_HTML_files/icon_class.png" name="Slider" refid="_17_0_4_1_1608043f_1400169159328_699926_12918"/><class classType="Class" humanType="Class" icon="Raptor_DFN_HTML_files/icon_class.png" name="Stage" refid="_17_0_4_1_1608043f_1400169159329_169028_12921"/><class classType="Class" humanType="Class" icon="Raptor_DFN_HTML_files/icon_class.png" name="ToggleGroup" refid="_17_0_4_1_1608043f_1400169159328_66230_12919"/><component classType="Component" hasChild="true" humanType="Component" icon="Raptor_DFN_HTML_files/icon_component.png" name="hu.bme.mit.inf.MDSD.GreenHouseApp" refid="_17_0_4_1_1608043f_1400170102164_143302_13732"/></ownedElement></package>