<?xml version="1.0" encoding="UTF-8"?>
<component classType="Component" hasChild="true" humanType="Component" icon="Raptor_DFN_HTML_files/icon_component.png" name="hu.bme.mit.inf.MDSD.DFNModeler.IncQuery.validation" refid="_17_0_4_1_1608043f_1400170067361_241153_13668"><ownedElement><satisfy classType="Abstraction" humanType="Satisfy" icon="Raptor_DFN_HTML_files/icon_satisfy.png" isRelationship="true" name="" refid="_17_0_4_1_1608043f_1400174342236_164410_17063"/><usage classType="Usage" humanType="Usage" icon="Raptor_DFN_HTML_files/icon_usage.png" isRelationship="true" name="" refid="_17_0_4_1_1608043f_1400171516189_89662_14812"/><usage classType="Usage" humanType="Usage" icon="Raptor_DFN_HTML_files/icon_usage.png" isRelationship="true" name="" refid="_17_0_4_1_1608043f_1400171782821_991507_14848"/><componentrealization classType="ComponentRealization" humanType="Component Realization" icon="Raptor_DFN_HTML_files/icon_componentrealization.png" isRelationship="true" name="" refid="_17_0_4_1_1608043f_1400170577562_68059_14229"/><instancespecification classType="InstanceSpecification" humanType="Instance Specification" icon="Raptor_DFN_HTML_files/icon_instancespecification.png" isHidden="true" name="" refid="_17_0_4_1_1608043f_1400174342239_164658_17065"/><component classType="Component" humanType="Component" icon="Raptor_DFN_HTML_files/icon_component.png" name="Generated Validation plug-in" refid="_17_0_4_1_1608043f_1400170576285_252061_14205"/></ownedElement></component>