<?xml version="1.0" encoding="UTF-8"?>
<package classType="Package" hasChild="true" humanType="Package" icon="Raptor_DFN_HTML_files/icon_package.png" name="Class Structure" refid="_17_0_4_1_1608043f_1400168276313_905396_11977"><ownedDiagram><diagram classType="Diagram" humanType="Diagram" icon="Raptor_DFN_HTML_files/icon_Component Diagram.png" name="Plug-In Structure" refid="_17_0_4_1_1608043f_1400169633476_589578_13450"/><diagram classType="Diagram" humanType="Diagram" icon="Raptor_DFN_HTML_files/icon_SysML Requirements Diagram.png" name="Realized Requirements" refid="_17_0_4_1_1608043f_1400174163300_12724_16566"/></ownedDiagram><ownedElement><diagram classType="Diagram" humanType="Diagram" icon="Raptor_DFN_HTML_files/icon_Component Diagram.png" name="Plug-In Structure" refid="_17_0_4_1_1608043f_1400169633476_589578_13450"/><diagram classType="Diagram" humanType="Diagram" icon="Raptor_DFN_HTML_files/icon_SysML Requirements Diagram.png" name="Realized Requirements" refid="_17_0_4_1_1608043f_1400174163300_12724_16566"/><package classType="Package" hasChild="true" humanType="Package" icon="Raptor_DFN_HTML_files/icon_package.png" name="hu.bme.mit.inf.MDSD.DFNModeler" refid="_17_0_4_1_1608043f_1400169714217_485412_13486"/><package classType="Package" hasChild="true" humanType="Package" icon="Raptor_DFN_HTML_files/icon_package.png" name="hu.bme.mit.inf.MDSD.DFNModeler.graphgeneratebutton" refid="_17_0_4_1_1608043f_1400168389684_626813_12310"/><package classType="Package" hasChild="true" humanType="Package" icon="Raptor_DFN_HTML_files/icon_package.png" name="hu.bme.mit.inf.MDSD.DFNModeler.graphgenerator" refid="_17_0_4_1_1608043f_1400168440556_977664_12328"/><package classType="Package" hasChild="true" humanType="Package" icon="Raptor_DFN_HTML_files/icon_package.png" name="hu.bme.mit.inf.MDSD.DFNModeler.graphviewer" refid="_17_0_4_1_1608043f_1400168455229_273092_12334"/><package classType="Package" hasChild="true" humanType="Package" icon="Raptor_DFN_HTML_files/icon_package.png" name="hu.bme.mit.inf.MDSD.DFNModeler.IncQuery" refid="_17_0_4_1_1608043f_1400168504840_734564_12340"/><package classType="Package" hasChild="true" humanType="Package" icon="Raptor_DFN_HTML_files/icon_package.png" name="hu.bme.mit.inf.MDSD.DFNModeler.IncQuery.validation" refid="_17_0_4_1_1608043f_1400168852312_741443_12355"/><package classType="Package" hasChild="true" humanType="Package" icon="Raptor_DFN_HTML_files/icon_package.png" name="hu.bme.mit.inf.MDSD.DFNModeler.sourcegenerator" refid="_17_0_4_1_1608043f_1400168822601_312721_12348"/><package classType="Package" hasChild="true" humanType="Package" icon="Raptor_DFN_HTML_files/icon_package.png" name="hu.bme.mit.inf.MDSD.GreenHouseApp" refid="_17_0_4_1_1608043f_1400168874337_744043_12368"/></ownedElement></package>