<?xml version="1.0" encoding="UTF-8"?>
<component classType="Component" hasChild="true" humanType="Component" icon="Raptor_DFN_HTML_files/icon_component.png" name="hu.bme.mit.inf.MDSD.DFNModeler.graphgenerator" refid="_17_0_4_1_1608043f_1400169985769_693083_13564"><ownedElement><satisfy classType="Abstraction" humanType="Satisfy" icon="Raptor_DFN_HTML_files/icon_satisfy.png" isRelationship="true" name="" refid="_17_0_4_1_1608043f_1400174314269_974135_17003"/><usage classType="Usage" humanType="Usage" icon="Raptor_DFN_HTML_files/icon_usage.png" isRelationship="true" name="" refid="_17_0_4_1_1608043f_1400171747196_714906_14830"/><componentrealization classType="ComponentRealization" humanType="Component Realization" icon="Raptor_DFN_HTML_files/icon_componentrealization.png" isRelationship="true" name="" refid="_17_0_4_1_1608043f_1400171130862_304240_14632"/><componentrealization classType="ComponentRealization" humanType="Component Realization" icon="Raptor_DFN_HTML_files/icon_componentrealization.png" isRelationship="true" name="" refid="_17_0_4_1_1608043f_1400171140173_607325_14661"/><instancespecification classType="InstanceSpecification" humanType="Instance Specification" icon="Raptor_DFN_HTML_files/icon_instancespecification.png" isHidden="true" name="" refid="_17_0_4_1_1608043f_1400174314272_789432_17005"/><component classType="Component" hasChild="true" humanType="Component" icon="Raptor_DFN_HTML_files/icon_component.png" name="Xtend graph generator templates " refid="_17_0_4_1_1608043f_1400171134489_249015_14637"/></ownedElement></component>