<?xml version="1.0" encoding="UTF-8"?>
<class classType="Class" hasChild="true" humanType="Class" icon="Raptor_DFN_HTML_files/icon_class.png" name="Activator" refid="_17_0_4_1_1608043f_1400168987989_894147_12578"><ownedElement><comment classType="Comment" humanType="Comment" icon="Raptor_DFN_HTML_files/icon_comment.png" isHidden="true" refid="_17_0_4_1_1608043f_1400168988000_3675_12615"/><property classType="Property" humanType="Property" icon="Raptor_DFN_HTML_files/icon_property.png" name="plugin" refid="_17_0_4_1_1608043f_1400168987990_129021_12580"/><property classType="Property" humanType="Property" icon="Raptor_DFN_HTML_files/icon_property.png" name="PLUGIN_ID" refid="_17_0_4_1_1608043f_1400168987989_849967_12579"/><operation classType="Operation" hasChild="true" humanType="Operation" icon="Raptor_DFN_HTML_files/icon_operation.png" name="Activator" refid="_17_0_4_1_1608043f_1400168987990_27856_12581"/><operation classType="Operation" hasChild="true" humanType="Operation" icon="Raptor_DFN_HTML_files/icon_operation.png" name="getDefault" refid="_17_0_4_1_1608043f_1400168987991_977426_12584"/><operation classType="Operation" hasChild="true" humanType="Operation" icon="Raptor_DFN_HTML_files/icon_operation.png" name="getImageDescriptor" refid="_17_0_4_1_1608043f_1400168987992_492484_12585"/><operation classType="Operation" hasChild="true" humanType="Operation" icon="Raptor_DFN_HTML_files/icon_operation.png" name="start" refid="_17_0_4_1_1608043f_1400168987991_573038_12582"/><operation classType="Operation" hasChild="true" humanType="Operation" icon="Raptor_DFN_HTML_files/icon_operation.png" name="stop" refid="_17_0_4_1_1608043f_1400168987991_475965_12583"/><generalization classType="Generalization" humanType="Generalization" icon="Raptor_DFN_HTML_files/icon_generalization.png" isRelationship="true" refid="_17_0_4_1_1608043f_1400168988000_785563_12616"/></ownedElement></class>