<?xml version="1.0" encoding="UTF-8"?>
<package classType="Package" hasChild="true" humanType="Package" icon="Raptor_DFN_HTML_files/icon_package.png" name="hu.bme.mit.inf.MDSD.DFNModeler.graphgenerator" refid="_17_0_4_1_1608043f_1400168440556_977664_12328"><ownedDiagram><diagram classType="Diagram" humanType="Diagram" icon="Raptor_DFN_HTML_files/icon_Class Diagram.png" name="hu.bme.mit.inf.MDSD.DFNModeler.graphgenerator" refid="_17_0_4_1_1608043f_1400168950991_367380_12379"/></ownedDiagram><ownedElement><diagram classType="Diagram" humanType="Diagram" icon="Raptor_DFN_HTML_files/icon_Class Diagram.png" name="hu.bme.mit.inf.MDSD.DFNModeler.graphgenerator" refid="_17_0_4_1_1608043f_1400168950991_367380_12379"/><package classType="Package" hasChild="true" humanType="Package" icon="Raptor_DFN_HTML_files/icon_package.png" name="hu" refid="_17_0_4_1_1608043f_1400168951158_173376_12400"/><package classType="Package" hasChild="true" humanType="Package" icon="Raptor_DFN_HTML_files/icon_package.png" name="org.eclipse.emf.ecore_2.9.1.v20130827-0309.jar" refid="_17_0_4_1_1608043f_1400168951159_707609_12402"/><package classType="Package" hasChild="true" humanType="Package" icon="Raptor_DFN_HTML_files/icon_package.png" name="org.eclipse.equinox.common_3.6.100.v20120522-1841.jar" refid="_17_0_4_1_1608043f_1400168951159_223767_12403"/><class classType="Class" humanType="Class" icon="Raptor_DFN_HTML_files/icon_class.png" name="IFile" refid="_17_0_4_1_1608043f_1400168951158_876113_12401"/><class classType="Class" humanType="Class" icon="Raptor_DFN_HTML_files/icon_class.png" name="IFolder" refid="_17_0_4_1_1608043f_1400168951159_108718_12404"/><component classType="Component" hasChild="true" humanType="Component" icon="Raptor_DFN_HTML_files/icon_component.png" name="hu.bme.mit.inf.MDSD.DFNModeler.graphgenerator" refid="_17_0_4_1_1608043f_1400169985769_693083_13564"/></ownedElement></package>