<?xml version="1.0" encoding="UTF-8"?>
<package classType="Package" hasChild="true" humanType="Package" icon="Raptor_DFN_HTML_files/icon_package.png" name="api" refid="_17_0_4_1_1608043f_1400169502250_29145_13289"><ownedElement><usage classType="Usage" humanType="Usage" icon="Raptor_DFN_HTML_files/icon_usage.png" isRelationship="true" name="" refid="_17_0_4_1_1608043f_1400171502524_40942_14806"/><class classType="Class" hasChild="true" humanType="Class" icon="Raptor_DFN_HTML_files/icon_class.png" name="CodegenAPI" refid="_17_0_4_1_1608043f_1400169502252_987340_13292"/><interface classType="Interface" hasChild="true" humanType="Interface" icon="Raptor_DFN_HTML_files/icon_interface.png" name="List&lt;DataFlowNetwork&gt;" refid="_17_0_4_1_1608043f_1400169502252_775920_13293"/><interface classType="Interface" hasChild="true" humanType="Interface" icon="Raptor_DFN_HTML_files/icon_interface.png" name="List&lt;Inequality&gt;" refid="_17_0_4_1_1608043f_1400169502254_783713_13299"/><interface classType="Interface" hasChild="true" humanType="Interface" icon="Raptor_DFN_HTML_files/icon_interface.png" name="List&lt;IntEquation&gt;" refid="_17_0_4_1_1608043f_1400169502253_321107_13298"/><interface classType="Interface" hasChild="true" humanType="Interface" icon="Raptor_DFN_HTML_files/icon_interface.png" name="List&lt;Node&gt;" refid="_17_0_4_1_1608043f_1400169502252_740981_13294"/><interface classType="Interface" hasChild="true" humanType="Interface" icon="Raptor_DFN_HTML_files/icon_interface.png" name="List&lt;OutPort&gt;" refid="_17_0_4_1_1608043f_1400169502254_122890_13300"/><interface classType="Interface" hasChild="true" humanType="Interface" icon="Raptor_DFN_HTML_files/icon_interface.png" name="List&lt;StringEquation&gt;" refid="_17_0_4_1_1608043f_1400169502253_352817_13297"/><interface classType="Interface" hasChild="true" humanType="Interface" icon="Raptor_DFN_HTML_files/icon_interface.png" name="List&lt;Transition&gt;" refid="_17_0_4_1_1608043f_1400169502253_781532_13296"/><interface classType="Interface" hasChild="true" humanType="Interface" icon="Raptor_DFN_HTML_files/icon_interface.png" name="Map&lt;State, Node&gt;" refid="_17_0_4_1_1608043f_1400169502253_971724_13295"/></ownedElement></package>