<?xml version="1.0" encoding="UTF-8"?>
<package classType="Package" hasChild="true" humanType="Package" icon="Raptor_DFN_HTML_files/icon_package.png" name="hu.bme.mit.inf.MDSD.DFNModeler.IncQuery" refid="_17_0_4_1_1608043f_1400168504840_734564_12340"><ownedDiagram><diagram classType="Diagram" humanType="Diagram" icon="Raptor_DFN_HTML_files/icon_Class Diagram.png" name="hu.bme.mit.inf.MDSD.DFNModeler.IncQuery" refid="_17_0_4_1_1608043f_1400170669376_205467_14245"/></ownedDiagram><ownedElement><diagram classType="Diagram" humanType="Diagram" icon="Raptor_DFN_HTML_files/icon_Class Diagram.png" name="hu.bme.mit.inf.MDSD.DFNModeler.IncQuery" refid="_17_0_4_1_1608043f_1400170669376_205467_14245"/><package classType="Package" hasChild="true" humanType="Package" icon="Raptor_DFN_HTML_files/icon_package.png" name="api" refid="_17_0_4_1_1608043f_1400169502250_29145_13289"/><package classType="Package" hasChild="true" humanType="Package" icon="Raptor_DFN_HTML_files/icon_package.png" name="DFN" refid="_17_0_4_1_1608043f_1400169502251_290194_13290"/><package classType="Package" hasChild="true" humanType="Package" icon="Raptor_DFN_HTML_files/icon_package.png" name="org.eclipse.emf.ecore_2.9.1.v20130827-0309.jar" refid="_17_0_4_1_1608043f_1400169502251_712728_13291"/><component classType="Component" hasChild="true" humanType="Component" icon="Raptor_DFN_HTML_files/icon_component.png" name="hu.bme.mit.inf.MDSD.DFNModeler.IncQuery" refid="_17_0_4_1_1608043f_1400170045012_168344_13634"/></ownedElement></package>