<?xml version="1.0" encoding="UTF-8"?>
<operation classType="Operation" hasChild="true" humanType="Operation" icon="Raptor_DFN_HTML_files/icon_operation.png" name="createFile" refid="_17_0_4_1_1608043f_1400169384036_583117_13174"><ownedElement><comment classType="Comment" humanType="Comment" icon="Raptor_DFN_HTML_files/icon_comment.png" isHidden="true" refid="_17_0_4_1_1608043f_1400169384042_947214_13203"/><parameter classType="Parameter" humanType="Parameter" icon="Raptor_DFN_HTML_files/icon_parameter.png" name="" refid="_17_0_4_1_1608043f_1400169384041_792429_13198"/><parameter classType="Parameter" humanType="Parameter" icon="Raptor_DFN_HTML_files/icon_parameter.png" name="content_imported" refid="_17_0_4_1_1608043f_1400169384042_98000_13202"/><parameter classType="Parameter" humanType="Parameter" icon="Raptor_DFN_HTML_files/icon_parameter.png" name="derived_imported" refid="_17_0_4_1_1608043f_1400169384042_297048_13201"/><parameter classType="Parameter" humanType="Parameter" icon="Raptor_DFN_HTML_files/icon_parameter.png" name="folder" refid="_17_0_4_1_1608043f_1400169384041_102511_13199"/><parameter classType="Parameter" humanType="Parameter" icon="Raptor_DFN_HTML_files/icon_parameter.png" name="name_imported" refid="_17_0_4_1_1608043f_1400169384041_440215_13200"/></ownedElement></operation>