<?xml version="1.0" encoding="UTF-8"?>
<package classType="Package" hasChild="true" humanType="Package" icon="Raptor_DFN_HTML_files/icon_package.png" name="DFN" refid="_17_0_4_1_1608043f_1400169502251_290194_13290"><ownedElement><interface classType="Interface" humanType="Interface" icon="Raptor_DFN_HTML_files/icon_interface.png" name="DataFlowNetwork" refid="_17_0_4_1_1608043f_1400169502254_26047_13301"/><interface classType="Interface" humanType="Interface" icon="Raptor_DFN_HTML_files/icon_interface.png" name="Inequality" refid="_17_0_4_1_1608043f_1400169502256_659074_13308"/><interface classType="Interface" humanType="Interface" icon="Raptor_DFN_HTML_files/icon_interface.png" name="InPort" refid="_17_0_4_1_1608043f_1400169502255_810127_13305"/><interface classType="Interface" humanType="Interface" icon="Raptor_DFN_HTML_files/icon_interface.png" name="IntEquation" refid="_17_0_4_1_1608043f_1400169502256_897564_13307"/><interface classType="Interface" humanType="Interface" icon="Raptor_DFN_HTML_files/icon_interface.png" name="Node" refid="_17_0_4_1_1608043f_1400169502254_405211_13302"/><interface classType="Interface" humanType="Interface" icon="Raptor_DFN_HTML_files/icon_interface.png" name="OutPort" refid="_17_0_4_1_1608043f_1400169502256_423787_13309"/><interface classType="Interface" humanType="Interface" icon="Raptor_DFN_HTML_files/icon_interface.png" name="State" refid="_17_0_4_1_1608043f_1400169502255_508107_13303"/><interface classType="Interface" humanType="Interface" icon="Raptor_DFN_HTML_files/icon_interface.png" name="StringEquation" refid="_17_0_4_1_1608043f_1400169502255_420946_13306"/><interface classType="Interface" humanType="Interface" icon="Raptor_DFN_HTML_files/icon_interface.png" name="Transition" refid="_17_0_4_1_1608043f_1400169502255_744296_13304"/></ownedElement></package>