<?xml version="1.0" encoding="UTF-8"?>
<component classType="Component" hasChild="true" humanType="Component" icon="Raptor_DFN_HTML_files/icon_component.png" name="hu.bme.mit.inf.MDSD.DFNModeler.graphviewer" refid="_17_0_4_1_1608043f_1400170000645_579029_13595"><ownedElement><satisfy classType="Abstraction" humanType="Satisfy" icon="Raptor_DFN_HTML_files/icon_satisfy.png" isRelationship="true" name="" refid="_17_0_4_1_1608043f_1400174276950_311294_16931"/><usage classType="Usage" humanType="Usage" icon="Raptor_DFN_HTML_files/icon_usage.png" isRelationship="true" name="" refid="_17_0_4_1_1608043f_1400171756696_464314_14842"/><componentrealization classType="ComponentRealization" humanType="Component Realization" icon="Raptor_DFN_HTML_files/icon_componentrealization.png" isRelationship="true" name="" refid="_17_0_4_1_1608043f_1400170948682_35822_14425"/><componentrealization classType="ComponentRealization" humanType="Component Realization" icon="Raptor_DFN_HTML_files/icon_componentrealization.png" isRelationship="true" name="" refid="_17_0_4_1_1608043f_1400170950634_483944_14459"/><componentrealization classType="ComponentRealization" humanType="Component Realization" icon="Raptor_DFN_HTML_files/icon_componentrealization.png" isRelationship="true" name="" refid="_17_0_4_1_1608043f_1400170952945_356913_14489"/><componentrealization classType="ComponentRealization" humanType="Component Realization" icon="Raptor_DFN_HTML_files/icon_componentrealization.png" isRelationship="true" name="" refid="_17_0_4_1_1608043f_1400171071138_551725_14539"/><componentrealization classType="ComponentRealization" humanType="Component Realization" icon="Raptor_DFN_HTML_files/icon_componentrealization.png" isRelationship="true" name="" refid="_17_0_4_1_1608043f_1400171093858_517251_14571"/><componentrealization classType="ComponentRealization" humanType="Component Realization" icon="Raptor_DFN_HTML_files/icon_componentrealization.png" isRelationship="true" name="" refid="_17_0_4_1_1608043f_1400171095949_269183_14594"/><instancespecification classType="InstanceSpecification" humanType="Instance Specification" icon="Raptor_DFN_HTML_files/icon_instancespecification.png" isHidden="true" name="" refid="_17_0_4_1_1608043f_1400174276955_534064_16933"/></ownedElement></component>