<?xml version="1.0" encoding="UTF-8"?>
<package classType="Package" hasChild="true" humanType="Package" icon="Raptor_DFN_HTML_files/icon_package.png" name="hu.bme.mit.inf.MDSD.DFNModeler.graphviewer" refid="_17_0_4_1_1608043f_1400168455229_273092_12334"><ownedDiagram><diagram classType="Diagram" humanType="Diagram" icon="Raptor_DFN_HTML_files/icon_Class Diagram.png" name="hu.bme.mit.inf.MDSD.DFNModeler.graphviewer" refid="_17_0_4_1_1608043f_1400168987707_547183_12526"/></ownedDiagram><ownedElement><diagram classType="Diagram" humanType="Diagram" icon="Raptor_DFN_HTML_files/icon_Class Diagram.png" name="hu.bme.mit.inf.MDSD.DFNModeler.graphviewer" refid="_17_0_4_1_1608043f_1400168987707_547183_12526"/><package classType="Package" hasChild="true" humanType="Package" icon="Raptor_DFN_HTML_files/icon_package.png" name="DFN" refid="_17_0_4_1_1608043f_1400168987982_213053_12555"/><package classType="Package" hasChild="true" humanType="Package" icon="Raptor_DFN_HTML_files/icon_package.png" name="hu" refid="_17_0_4_1_1608043f_1400168987979_304757_12548"/><package classType="Package" hasChild="true" humanType="Package" icon="Raptor_DFN_HTML_files/icon_package.png" name="org.eclipse.core.commands_3.6.1.v20120521-2329.jar" refid="_17_0_4_1_1608043f_1400168987980_331182_12549"/><package classType="Package" hasChild="true" humanType="Package" icon="Raptor_DFN_HTML_files/icon_package.png" name="org.eclipse.jface_3.8.0.v20120521-2329.jar" refid="_17_0_4_1_1608043f_1400168987981_837833_12552"/><package classType="Package" hasChild="true" humanType="Package" icon="Raptor_DFN_HTML_files/icon_package.png" name="org.eclipse.osgi_3.8.0.v20120529-1548.jar" refid="_17_0_4_1_1608043f_1400168987981_217521_12551"/><package classType="Package" hasChild="true" humanType="Package" icon="Raptor_DFN_HTML_files/icon_package.png" name="org.eclipse.swt.win32.win32.x86_64_3.100.0.v4233d.jar" refid="_17_0_4_1_1608043f_1400168987982_313276_12554"/><package classType="Package" hasChild="true" humanType="Package" icon="Raptor_DFN_HTML_files/icon_package.png" name="org.eclipse.ui.workbench_3.103.0.v20120530-1824.jar" refid="_17_0_4_1_1608043f_1400168987980_44020_12550"/><class classType="Class" humanType="Class" icon="Raptor_DFN_HTML_files/icon_class.png" name="Graph" refid="_17_0_4_1_1608043f_1400168987981_437519_12553"/><class classType="Class" humanType="Class" icon="Raptor_DFN_HTML_files/icon_class.png" name="GraphContainer" refid="_17_0_4_1_1608043f_1400168987982_496173_12557"/><class classType="Class" humanType="Class" icon="Raptor_DFN_HTML_files/icon_class.png" name="IContainer" refid="_17_0_4_1_1608043f_1400168987983_518319_12558"/><component classType="Component" hasChild="true" humanType="Component" icon="Raptor_DFN_HTML_files/icon_component.png" name="hu.bme.mit.inf.MDSD.DFNModeler.graphviewer" refid="_17_0_4_1_1608043f_1400170000645_579029_13595"/></ownedElement></package>