<?xml version="1.0" encoding="UTF-8"?>
<class classType="Class" hasChild="true" humanType="Class" icon="Raptor_DFN_HTML_files/icon_class.png" name="CodegenAPI" refid="_17_0_4_1_1608043f_1400169502252_987340_13292"><ownedElement><operation classType="Operation" hasChild="true" humanType="Operation" icon="Raptor_DFN_HTML_files/icon_operation.png" name="getDFNs" refid="_17_0_4_1_1608043f_1400169502257_880859_13312"/><operation classType="Operation" hasChild="true" humanType="Operation" icon="Raptor_DFN_HTML_files/icon_operation.png" name="getInequalityByTransition" refid="_17_0_4_1_1608043f_1400169502258_878370_13318"/><operation classType="Operation" hasChild="true" humanType="Operation" icon="Raptor_DFN_HTML_files/icon_operation.png" name="getInPortIntEquationByTransition" refid="_17_0_4_1_1608043f_1400169502258_239512_13317"/><operation classType="Operation" hasChild="true" humanType="Operation" icon="Raptor_DFN_HTML_files/icon_operation.png" name="getInPortStringEquationByTransition" refid="_17_0_4_1_1608043f_1400169502258_494447_13316"/><operation classType="Operation" hasChild="true" humanType="Operation" icon="Raptor_DFN_HTML_files/icon_operation.png" name="getNodes" refid="_17_0_4_1_1608043f_1400169502257_680386_13313"/><operation classType="Operation" hasChild="true" humanType="Operation" icon="Raptor_DFN_HTML_files/icon_operation.png" name="getNodeStatePairs" refid="_17_0_4_1_1608043f_1400169502257_723950_13314"/><operation classType="Operation" hasChild="true" humanType="Operation" icon="Raptor_DFN_HTML_files/icon_operation.png" name="getOutPortIntEquationByTransition" refid="_17_0_4_1_1608043f_1400169502259_323180_13321"/><operation classType="Operation" hasChild="true" humanType="Operation" icon="Raptor_DFN_HTML_files/icon_operation.png" name="getOutPortsByNode" refid="_17_0_4_1_1608043f_1400169502259_360352_13319"/><operation classType="Operation" hasChild="true" humanType="Operation" icon="Raptor_DFN_HTML_files/icon_operation.png" name="getOutPortStringEquationByTransition" refid="_17_0_4_1_1608043f_1400169502259_653464_13320"/><operation classType="Operation" hasChild="true" humanType="Operation" icon="Raptor_DFN_HTML_files/icon_operation.png" name="getTransitionsByInPort" refid="_17_0_4_1_1608043f_1400169502257_302196_13315"/></ownedElement></class>