<?xml version="1.0" encoding="UTF-8"?>
<package classType="Package" hasChild="true" humanType="Package" icon="Raptor_DFN_HTML_files/icon_package.png" name="hu.bme.mit.inf.MDSD.DFNModeler.graphgeneratebutton" refid="_17_0_4_1_1608043f_1400168389684_626813_12310"><ownedDiagram><diagram classType="Diagram" humanType="Diagram" icon="Raptor_DFN_HTML_files/icon_Class Diagram.png" name="hu.bme.mit.inf.MDSD.DFNModeler.graphgeneratebutton" refid="_17_0_4_1_1608043f_1400168262525_917782_11838"/></ownedDiagram><ownedElement><diagram classType="Diagram" humanType="Diagram" icon="Raptor_DFN_HTML_files/icon_Class Diagram.png" name="hu.bme.mit.inf.MDSD.DFNModeler.graphgeneratebutton" refid="_17_0_4_1_1608043f_1400168262525_917782_11838"/><package classType="Package" hasChild="true" humanType="Package" icon="Raptor_DFN_HTML_files/icon_package.png" name="DFN" refid="_17_0_4_1_1608043f_1400168262682_354440_11862"/><package classType="Package" hasChild="true" humanType="Package" icon="Raptor_DFN_HTML_files/icon_package.png" name="hu" refid="_17_0_4_1_1608043f_1400168262681_472098_11860"/><package classType="Package" hasChild="true" humanType="Package" icon="Raptor_DFN_HTML_files/icon_package.png" name="org.eclipse.core.commands_3.6.1.v20120521-2329.jar" refid="_17_0_4_1_1608043f_1400168262682_241037_11861"/><component classType="Component" hasChild="true" humanType="Component" icon="Raptor_DFN_HTML_files/icon_component.png" name="hu.bme.mit.inf.MDSD.DFNModeler.graphgeneratebutton" refid="_17_0_4_1_1608043f_1400169963293_648948_13527"/></ownedElement></package>