<?xml version="1.0" encoding="UTF-8"?>
<operation classType="Operation" hasChild="true" humanType="Operation" icon="Raptor_DFN_HTML_files/icon_operation.png" name="createJava2File" refid="_17_0_4_1_1608043f_1400169384035_151415_13171"><ownedElement><comment classType="Comment" humanType="Comment" icon="Raptor_DFN_HTML_files/icon_comment.png" isHidden="true" refid="_17_0_4_1_1608043f_1400169384040_815157_13190"/><parameter classType="Parameter" humanType="Parameter" icon="Raptor_DFN_HTML_files/icon_parameter.png" name="" refid="_17_0_4_1_1608043f_1400169384038_742251_13183"/><parameter classType="Parameter" humanType="Parameter" icon="Raptor_DFN_HTML_files/icon_parameter.png" name="content" refid="_17_0_4_1_1608043f_1400169384039_552275_13189"/><parameter classType="Parameter" humanType="Parameter" icon="Raptor_DFN_HTML_files/icon_parameter.png" name="derived" refid="_17_0_4_1_1608043f_1400169384039_117918_13188"/><parameter classType="Parameter" humanType="Parameter" icon="Raptor_DFN_HTML_files/icon_parameter.png" name="name" refid="_17_0_4_1_1608043f_1400169384039_816622_13187"/><parameter classType="Parameter" humanType="Parameter" icon="Raptor_DFN_HTML_files/icon_parameter.png" name="namespace" refid="_17_0_4_1_1608043f_1400169384039_379542_13186"/><parameter classType="Parameter" humanType="Parameter" icon="Raptor_DFN_HTML_files/icon_parameter.png" name="projectDependencies" refid="_17_0_4_1_1608043f_1400169384038_459452_13185"/><parameter classType="Parameter" humanType="Parameter" icon="Raptor_DFN_HTML_files/icon_parameter.png" name="projectName" refid="_17_0_4_1_1608043f_1400169384038_205270_13184"/></ownedElement></operation>