<?xml version="1.0" encoding="UTF-8"?>
<package classType="Package" hasChild="true" humanType="Package" icon="Raptor_DFN_HTML_files/icon_package.png" name="hu.bme.mit.inf.MDSD.DFNModeler.sourcegenerator" refid="_17_0_4_1_1608043f_1400168822601_312721_12348"><ownedDiagram><diagram classType="Diagram" humanType="Diagram" icon="Raptor_DFN_HTML_files/icon_Class Diagram.png" name="hu.bme.mit.inf.MDSD.DFNModeler.sourcegenerator" refid="_17_0_4_1_1608043f_1400169383669_179522_13130"/></ownedDiagram><ownedElement><diagram classType="Diagram" humanType="Diagram" icon="Raptor_DFN_HTML_files/icon_Class Diagram.png" name="hu.bme.mit.inf.MDSD.DFNModeler.sourcegenerator" refid="_17_0_4_1_1608043f_1400169383669_179522_13130"/><package classType="Package" hasChild="true" humanType="Package" icon="Raptor_DFN_HTML_files/icon_package.png" name="hu" refid="_17_0_4_1_1608043f_1400169384028_990594_13154"/><package classType="Package" hasChild="true" humanType="Package" icon="Raptor_DFN_HTML_files/icon_package.png" name="org.eclipse.core.resources_3.8.0.v20120522-2034.jar" refid="_17_0_4_1_1608043f_1400169384030_776237_13159"/><package classType="Package" hasChild="true" humanType="Package" icon="Raptor_DFN_HTML_files/icon_package.png" name="org.eclipse.equinox.common_3.6.100.v20120522-1841.jar" refid="_17_0_4_1_1608043f_1400169384029_761484_13156"/><class classType="Class" humanType="Class" icon="Raptor_DFN_HTML_files/icon_class.png" name="IFile" refid="_17_0_4_1_1608043f_1400169384029_525172_13155"/><class classType="Class" humanType="Class" icon="Raptor_DFN_HTML_files/icon_class.png" name="IFolder" refid="_17_0_4_1_1608043f_1400169384029_248272_13157"/><class classType="Class" humanType="Class" icon="Raptor_DFN_HTML_files/icon_class.png" name="IProject" refid="_17_0_4_1_1608043f_1400169384030_454801_13158"/><component classType="Component" hasChild="true" humanType="Component" icon="Raptor_DFN_HTML_files/icon_component.png" name="hu.bme.mit.inf.MDSD.DFNModeler.sourcegenerator" refid="_17_0_4_1_1608043f_1400170076972_67823_13698"/></ownedElement></package>