<?xml version="1.0" encoding="UTF-8"?>
<operation classType="Operation" hasChild="true" humanType="Operation" icon="Raptor_DFN_HTML_files/icon_operation.png" name="createFile" refid="_17_0_4_1_1608043f_1400168951163_873362_12418"><ownedElement><comment classType="Comment" humanType="Comment" icon="Raptor_DFN_HTML_files/icon_comment.png" isHidden="true" refid="_17_0_4_1_1608043f_1400168951170_666663_12443"/><parameter classType="Parameter" humanType="Parameter" icon="Raptor_DFN_HTML_files/icon_parameter.png" name="" refid="_17_0_4_1_1608043f_1400168951168_707460_12438"/><parameter classType="Parameter" humanType="Parameter" icon="Raptor_DFN_HTML_files/icon_parameter.png" name="content_imported" refid="_17_0_4_1_1608043f_1400168951169_262775_12442"/><parameter classType="Parameter" humanType="Parameter" icon="Raptor_DFN_HTML_files/icon_parameter.png" name="derived_imported" refid="_17_0_4_1_1608043f_1400168951169_637565_12441"/><parameter classType="Parameter" humanType="Parameter" icon="Raptor_DFN_HTML_files/icon_parameter.png" name="folder" refid="_17_0_4_1_1608043f_1400168951168_883862_12439"/><parameter classType="Parameter" humanType="Parameter" icon="Raptor_DFN_HTML_files/icon_parameter.png" name="name_imported" refid="_17_0_4_1_1608043f_1400168951169_874439_12440"/></ownedElement></operation>