<?xml version="1.0" encoding="UTF-8"?>
<operation classType="Operation" hasChild="true" humanType="Operation" icon="Raptor_DFN_HTML_files/icon_operation.png" name="createGraphMLFile" refid="_17_0_4_1_1608043f_1400168951162_430844_12416"><ownedElement><comment classType="Comment" humanType="Comment" icon="Raptor_DFN_HTML_files/icon_comment.png" isHidden="true" refid="_17_0_4_1_1608043f_1400168951167_449536_12433"/><parameter classType="Parameter" humanType="Parameter" icon="Raptor_DFN_HTML_files/icon_parameter.png" name="" refid="_17_0_4_1_1608043f_1400168951165_175755_12427"/><parameter classType="Parameter" humanType="Parameter" icon="Raptor_DFN_HTML_files/icon_parameter.png" name="content" refid="_17_0_4_1_1608043f_1400168951167_246701_12432"/><parameter classType="Parameter" humanType="Parameter" icon="Raptor_DFN_HTML_files/icon_parameter.png" name="derived" refid="_17_0_4_1_1608043f_1400168951166_189958_12430"/><parameter classType="Parameter" humanType="Parameter" icon="Raptor_DFN_HTML_files/icon_parameter.png" name="is_yEd" refid="_17_0_4_1_1608043f_1400168951167_623415_12431"/><parameter classType="Parameter" humanType="Parameter" icon="Raptor_DFN_HTML_files/icon_parameter.png" name="name" refid="_17_0_4_1_1608043f_1400168951166_608585_12429"/><parameter classType="Parameter" humanType="Parameter" icon="Raptor_DFN_HTML_files/icon_parameter.png" name="nextTo" refid="_17_0_4_1_1608043f_1400168951166_555456_12428"/></ownedElement></operation>