<?xml version="1.0" encoding="UTF-8"?>
<component classType="Component" hasChild="true" humanType="Component" icon="Raptor_DFN_HTML_files/icon_component.png" name="hu.bme.mit.inf.MDSD.DFNModeler.sourcegenerator" refid="_17_0_4_1_1608043f_1400170076972_67823_13698"><ownedElement><satisfy classType="Abstraction" humanType="Satisfy" icon="Raptor_DFN_HTML_files/icon_satisfy.png" isRelationship="true" name="" refid="_17_0_4_1_1608043f_1400174445089_875400_17265"/><satisfy classType="Abstraction" humanType="Satisfy" icon="Raptor_DFN_HTML_files/icon_satisfy.png" isRelationship="true" name="" refid="_17_0_4_1_1608043f_1400174447550_943317_17279"/><satisfy classType="Abstraction" humanType="Satisfy" icon="Raptor_DFN_HTML_files/icon_satisfy.png" isRelationship="true" name="" refid="_17_0_4_1_1608043f_1400174450137_284130_17291"/><usage classType="Usage" humanType="Usage" icon="Raptor_DFN_HTML_files/icon_usage.png" isRelationship="true" name="" refid="_17_0_4_1_1608043f_1400171707477_351589_14818"/><usage classType="Usage" humanType="Usage" icon="Raptor_DFN_HTML_files/icon_usage.png" isRelationship="true" name="" refid="_17_0_4_1_1608043f_1400171803517_359173_14854"/><componentrealization classType="ComponentRealization" humanType="Component Realization" icon="Raptor_DFN_HTML_files/icon_componentrealization.png" isRelationship="true" name="" refid="_17_0_4_1_1608043f_1400170310563_331413_14031"/><componentrealization classType="ComponentRealization" humanType="Component Realization" icon="Raptor_DFN_HTML_files/icon_componentrealization.png" isRelationship="true" name="" refid="_17_0_4_1_1608043f_1400170560158_734023_14191"/><instancespecification classType="InstanceSpecification" humanType="Instance Specification" icon="Raptor_DFN_HTML_files/icon_instancespecification.png" isHidden="true" name="" refid="_17_0_4_1_1608043f_1400174445094_224637_17267"/><component classType="Component" hasChild="true" humanType="Component" icon="Raptor_DFN_HTML_files/icon_component.png" name="Xtend Templates" refid="_17_0_4_1_1608043f_1400170558144_288723_14166"/></ownedElement></component>