<?xml version="1.0" encoding="UTF-8"?>
<component classType="Component" hasChild="true" humanType="Component" icon="Raptor_DFN_HTML_files/icon_component.png" name="hu.bme.mit.inf.MDSD.DFNModeler" refid="_17_0_4_1_1608043f_1400169932034_84914_13493"><ownedElement><satisfy classType="Abstraction" humanType="Satisfy" icon="Raptor_DFN_HTML_files/icon_satisfy.png" isRelationship="true" name="" refid="_17_0_4_1_1608043f_1400174374417_91691_17125"/><satisfy classType="Abstraction" humanType="Satisfy" icon="Raptor_DFN_HTML_files/icon_satisfy.png" isRelationship="true" name="" refid="_17_0_4_1_1608043f_1400174377953_195949_17140"/><satisfy classType="Abstraction" humanType="Satisfy" icon="Raptor_DFN_HTML_files/icon_satisfy.png" isRelationship="true" name="" refid="_17_0_4_1_1608043f_1400174380881_838153_17153"/><satisfy classType="Abstraction" humanType="Satisfy" icon="Raptor_DFN_HTML_files/icon_satisfy.png" isRelationship="true" name="" refid="_17_0_4_1_1608043f_1400174420274_594463_17206"/><satisfy classType="Abstraction" humanType="Satisfy" icon="Raptor_DFN_HTML_files/icon_satisfy.png" isRelationship="true" name="" refid="_17_0_4_1_1608043f_1400174426277_367976_17222"/><componentrealization classType="ComponentRealization" humanType="Component Realization" icon="Raptor_DFN_HTML_files/icon_componentrealization.png" isRelationship="true" name="" refid="_17_0_4_1_1608043f_1400171213678_285301_14792"/><instancespecification classType="InstanceSpecification" humanType="Instance Specification" icon="Raptor_DFN_HTML_files/icon_instancespecification.png" isHidden="true" name="" refid="_17_0_4_1_1608043f_1400174374422_816942_17127"/><component classType="Component" humanType="Component" icon="Raptor_DFN_HTML_files/icon_component.png" name="DFN metamodel implementation" refid="_17_0_4_1_1608043f_1400171212557_91950_14768"/></ownedElement></component>