<?xml version="1.0" encoding="UTF-8"?>
<model classType="Model" hasChild="true" humanType="Model" icon="Raptor_DFN_HTML_files/icon_model.png" name="Data" refid="eee_1045467100313_135436_1"><ownedDiagram/><ownedElement><package classType="Package" hasChild="true" humanType="Package" icon="Raptor_DFN_HTML_files/icon_package.png" name="Class Structure" refid="_17_0_4_1_1608043f_1400168276313_905396_11977"/><package classType="Package" hasChild="true" humanType="Package" icon="Raptor_DFN_HTML_files/icon_package.png" name="Glossary" refid="_17_0_4_2_19460450_1395670523179_928104_11571"/><package classType="Package" hasChild="true" humanType="Package" icon="Raptor_DFN_HTML_files/icon_package.png" name="Requirements" refid="_17_0_4_2_19460450_1395668300167_590695_10852"/><package classType="Package" hasChild="true" humanType="Package" icon="Raptor_DFN_HTML_files/icon_package.png" name="SystemArchitecture" refid="_17_0_4_2_19460450_1400103218906_966970_11161"/><package classType="Package" hasChild="true" humanType="Package" icon="Raptor_DFN_HTML_files/icon_package.png" name="Use Cases" refid="_17_0_4_2_19460450_1395670032398_518922_11188"/></ownedElement></model>